album_slug,album_zh,region,seq,new_filename,original_filename,taken_at,caption,poi,road,quarter,district,lat,lon,width,height,bytes,status
_duplicates/tsim-sha-tsui,,,0,IMG_2869.HEIC,IMG_2869.HEIC,2024-07-20 19:34:57,,,星光大道,,尖沙咀,22.293158,114.17298,4032,3024,1701310,duplicate
_duplicates/braemar-hill,,,0,IMG_3402.HEIC,IMG_3402.HEIC,2024-07-25 18:56:56,金督驰马径,金督驰马径,金督驰马径,炮台山,东区,22.279253,114.198433,4032,3024,1427201,duplicate
_duplicates/braemar-hill,,,0,IMG_3492.HEIC,IMG_3492.HEIC,2024-07-25 19:14:38,,,金督驰马径,炮台山,东区,22.278478,114.198775,4032,3024,1514365,duplicate
_duplicates/braemar-hill,,,0,IMG_3494.HEIC,IMG_3494.HEIC,2024-07-25 19:15:49,,,金督驰马径,炮台山,东区,22.278463,114.198883,3933,2949,1145516,duplicate
_duplicates/braemar-hill,,,0,IMG_3513.HEIC,IMG_3513.HEIC,2024-07-25 19:17:30,,,金督驰马径,炮台山,东区,22.278433,114.198775,3993,2995,1074810,duplicate
_duplicates/braemar-hill,,,0,IMG_3518.HEIC,IMG_3518.HEIC,2024-07-25 19:17:42,,,金督驰马径,炮台山,东区,22.278445,114.198762,4032,3024,1031092,duplicate
_duplicates/braemar-hill,,,0,IMG_3560.HEIC,IMG_3560.HEIC,2024-07-25 19:21:59,,,金督驰马径,炮台山,东区,22.27845,114.19873,4008,3006,1599826,duplicate
_duplicates/braemar-hill,,,0,IMG_3578.HEIC,IMG_3578.HEIC,2024-07-25 19:24:54,,,金督驰马径,炮台山,东区,22.278437,114.198762,4032,3024,1567219,duplicate
_duplicates/braemar-hill,,,0,IMG_3612.HEIC,IMG_3612.HEIC,2024-07-25 19:27:46,,,金督驰马径,炮台山,东区,22.278442,114.19877,4032,3024,1530109,duplicate
_duplicates/yaumatei-mongkok,,,0,IMG_6961.JPG,IMG_6961.JPG,2025-10-16 18:19:58,香港理工大学西九龙校园,香港理工大学西九龙校园,海庭道,渡船角,油麻地,22.312867,114.165055,4032,3024,3002561,duplicate
_duplicates/hkust,,,0,IMG_2498.HEIC,IMG_2498.HEIC,2026-09-05 18:08:33,小蜜蜂幼稚园,小蜜蜂幼稚园,共振桥,,亚公湾,22.333587,114.266875,4032,3024,1064690,duplicate
shek-kip-mei,石硖尾・深水埗,香港 九龙,1,20240113-143444.heic,IMG_4008.HEIC,2024-01-13 14:34:44,中华基督教会深爱堂,中华基督教会深爱堂,窝仔街,大坑东,石硖尾,22.33155,114.168512,4032,3024,3241654,kept
shek-kip-mei,石硖尾・深水埗,香港 九龙,2,20240118-125701.heic,IMG_4134.HEIC,2024-01-18 12:57:01,美山楼,美山楼,巴域街,元洲,石硖尾,22.332058,114.165703,4032,3024,1829367,kept
shek-kip-mei,石硖尾・深水埗,香港 九龙,3,20240130-120355.heic,IMG_4387.HEIC,2024-01-30 12:03:55,大坑东,,达之路,大坑东,石硖尾,22.33645,114.17405,3855,2891,2211501,kept
shek-kip-mei,石硖尾・深水埗,香港 九龙,4,20240214-115549.heic,IMG_4735.HEIC,2024-02-14 11:55:49,元洲,第22座,白田街,元洲,石硖尾,22.333225,114.164161,4032,3024,2103261,kept
shek-kip-mei,石硖尾・深水埗,香港 九龙,5,20240214-115629.heic,IMG_4736.HEIC,2024-02-14 11:56:29,元洲,第21座,巴域街,元洲,石硖尾,22.333083,114.164681,4032,3024,1987448,kept
shek-kip-mei,石硖尾・深水埗,香港 九龙,6,20240214-115700.heic,IMG_4739.HEIC,2024-02-14 11:57:00,元洲,第21座,巴域街,元洲,石硖尾,22.333047,114.164803,4032,3024,2687963,kept
shek-kip-mei,石硖尾・深水埗,香港 九龙,7,20240214-115712.heic,IMG_4740.HEIC,2024-02-14 11:57:12,元洲,第21座,巴域街,元洲,石硖尾,22.33305,114.164725,4032,3024,2701465,kept
shek-kip-mei,石硖尾・深水埗,香港 九龙,8,20240214-115744.heic,IMG_4743.HEIC,2024-02-14 11:57:44,元洲,第21座,巴域街,元洲,石硖尾,22.33305,114.164725,4032,3024,2380893,kept
shek-kip-mei,石硖尾・深水埗,香港 九龙,9,20240214-115755.heic,IMG_4744.HEIC,2024-02-14 11:57:55,元洲,第21座,巴域街,元洲,石硖尾,22.33305,114.164725,4032,3024,2311733,kept
shek-kip-mei,石硖尾・深水埗,香港 九龙,10,20240214-115804.heic,IMG_4745.HEIC,2024-02-14 11:58:04,元洲,第21座,巴域街,元洲,石硖尾,22.33305,114.164725,4032,3024,2382424,kept
shek-kip-mei,石硖尾・深水埗,香港 九龙,11,20240214-115809.heic,IMG_4746.HEIC,2024-02-14 11:58:09,元洲,第21座,巴域街,元洲,石硖尾,22.33305,114.164725,4032,3024,2317780,kept
shek-kip-mei,石硖尾・深水埗,香港 九龙,12,20240214-120241.heic,IMG_4756.HEIC,2024-02-14 12:02:41,元洲,第22座,白田街,元洲,石硖尾,22.33333,114.164117,4032,3024,2034744,kept
shek-kip-mei,石硖尾・深水埗,香港 九龙,13,20240214-120328.heic,IMG_4759.HEIC,2024-02-14 12:03:28,元洲,第21座,巴域街,元洲,石硖尾,22.333053,114.164803,4032,3024,1828060,kept
shek-kip-mei,石硖尾・深水埗,香港 九龙,14,20240214-120637.heic,IMG_4766.HEIC,2024-02-14 12:06:37,青山道,青山道,青山道,元洲,石硖尾,22.333622,114.163047,4032,3024,4001332,kept
shek-kip-mei,石硖尾・深水埗,香港 九龙,15,20240214-120707.heic,IMG_4769.HEIC,2024-02-14 12:07:07,元洲,第22座,白田街,元洲,石硖尾,22.333317,114.164169,4032,3024,2490983,kept
shek-kip-mei,石硖尾・深水埗,香港 九龙,16,20240214-120802.heic,IMG_4771.HEIC,2024-02-14 12:08:02,元洲,第21座,巴域街,元洲,石硖尾,22.33305,114.164711,4032,3024,2509005,kept
shek-kip-mei,石硖尾・深水埗,香港 九龙,17,20240214-120816.heic,IMG_4773.HEIC,2024-02-14 12:08:16,元洲,第21座,巴域街,元洲,石硖尾,22.33305,114.164711,4032,3024,2265619,kept
shek-kip-mei,石硖尾・深水埗,香港 九龙,18,20240214-120915.heic,IMG_4774.HEIC,2024-02-14 12:09:15,元洲,第21座,巴域街,元洲,石硖尾,22.333045,114.16472,4032,3024,2831955,kept
shek-kip-mei,石硖尾・深水埗,香港 九龙,19,20240214-121037.heic,IMG_4776.HEIC,2024-02-14 12:10:37,元洲,第21座,巴域街,元洲,石硖尾,22.333222,114.164519,4032,3024,2116003,kept
shek-kip-mei,石硖尾・深水埗,香港 九龙,20,20240214-121315.heic,IMG_4779.HEIC,2024-02-14 12:13:15,美荷楼,美荷楼,巴域街,元洲,石硖尾,22.333917,114.16355,4032,3024,1832213,kept
shek-kip-mei,石硖尾・深水埗,香港 九龙,21,20240214-121403.heic,IMG_4782.HEIC,2024-02-14 12:14:03,美荷楼,美荷楼,巴域街,元洲,石硖尾,22.333812,114.163444,4032,3024,1725249,kept
shek-kip-mei,石硖尾・深水埗,香港 九龙,22,20240221-153938.heic,IMG_4897.HEIC,2024-02-21 15:39:38,元洲,第19座,石硖尾街,元洲,石硖尾,22.33167,114.166619,4032,3024,2454049,kept
shek-kip-mei,石硖尾・深水埗,香港 九龙,23,20240221-154010.heic,IMG_4899.HEIC,2024-02-21 15:40:10,成兴泰粮食,成兴泰粮食,石硖尾街,元洲,石硖尾,22.33152,114.166733,4032,3024,2901348,kept
shek-kip-mei,石硖尾・深水埗,香港 九龙,24,20240222-132544.heic,IMG_4924.HEIC,2024-02-22 13:25:44,美山楼,美山楼,巴域街,元洲,石硖尾,22.332372,114.165236,3963,2972,1401312,kept
shek-kip-mei,石硖尾・深水埗,香港 九龙,25,20240702-163207.heic,IMG_2286.HEIC,2024-07-02 16:32:07,大坑东,,大坑西街,大坑东,石硖尾,22.333325,114.168913,4032,3024,3126920,kept
shek-kip-mei,石硖尾・深水埗,香港 九龙,26,20240705-125338.heic,IMG_2325.HEIC,2024-07-05 12:53:38,伟伦街,伟伦街,伟伦街,白田,石硖尾,22.334512,114.167778,4008,3006,2181984,kept
shek-kip-mei,石硖尾・深水埗,香港 九龙,27,20240708-185756.heic,IMG_2363.HEIC,2024-07-08 18:57:56,西九龙机动部队行动基地,西九龙机动部队行动基地,大坑西街,大坑东,石硖尾,22.333572,114.169,3960,2970,1669643,kept
shek-kip-mei,石硖尾・深水埗,香港 九龙,28,20240716-211246.heic,IMG_2665.HEIC,2024-07-16 21:12:46,宝血会上智英文书院,宝血会上智英文书院,伟智街,大坑东,石硖尾,22.332408,114.168633,3024,4032,1182539,kept
shek-kip-mei,石硖尾・深水埗,香港 九龙,29,20240724-191439.heic,IMG_3206.HEIC,2024-07-24 19:14:39,大坑东,,大坑西街,大坑东,石硖尾,22.33335,114.168945,4032,3024,1304439,kept
shek-kip-mei,石硖尾・深水埗,香港 九龙,30,20240802-132752.heic,IMG_3887.HEIC,2024-08-02 13:27:52,中华基督教会铭贤书院,中华基督教会铭贤书院,伟智街,大坑东,石硖尾,22.33203,114.168512,3024,4032,2762942,kept
shek-kip-mei,石硖尾・深水埗,香港 九龙,31,20240823-192416.heic,IMG_4145.HEIC,2024-08-23 19:24:16,元洲,,荔枝角道,元洲,深水埗,22.332708,114.157425,4032,3024,943740,kept
shek-kip-mei,石硖尾・深水埗,香港 九龙,32,20241006-134853.heic,IMG_4577.HEIC,2024-10-06 13:48:53,南山邨,南山邨,窝仔街,大坑东,石硖尾,22.331513,114.168853,4032,3024,3334525,kept
shek-kip-mei,石硖尾・深水埗,香港 九龙,33,20241109-175414.heic,IMG_5169.HEIC,2024-11-09 17:54:14,美如楼,美如楼,伟智街,大坑东,石硖尾,22.333445,114.168663,4032,3024,1114367,kept
shek-kip-mei,石硖尾・深水埗,香港 九龙,34,20250110-045202.heic,IMG_0359.heic,2025-01-10 04:52:02,大坑东,,大坑西街,大坑东,石硖尾,22.333412,114.16887,3700,2775,2047760,kept
shek-kip-mei,石硖尾・深水埗,香港 九龙,35,20250110-055006.heic,IMG_0364.HEIC,2025-01-10 05:50:06,白田,惠康,南昌街,白田,石硖尾,22.334263,114.167595,4032,3024,1367875,kept
shek-kip-mei,石硖尾・深水埗,香港 九龙,36,20250201-124807.heic,IMG_1683.HEIC,2025-02-01 12:48:07,白田,石硖尾邨第1期 Shek Kip Mei Estate Phase 5,南昌街,白田,石硖尾,22.333325,114.168687,4032,3024,1848866,kept
shek-kip-mei,石硖尾・深水埗,香港 九龙,37,20250221-121734.heic,IMG_1944.HEIC,2025-02-21 12:17:34,元洲,第23座,窝仔街,元洲,石硖尾,22.33322,114.165597,3259,2444,2052194,kept
shek-kip-mei,石硖尾・深水埗,香港 九龙,38,20250309-110350.heic,IMG_2149.HEIC,2025-03-09 11:03:50,白田,基督教香港信义会深信学校第二校舍 The Elchk Faith Lutheran School (Second Campus),南昌街,白田,石硖尾,22.33312,114.166847,3992,2994,2605766,kept
shek-kip-mei,石硖尾・深水埗,香港 九龙,39,20250401-192522.heic,IMG_2376.HEIC,2025-04-01 19:25:22,白田,石硖尾邨第1期 Shek Kip Mei Estate Phase 5,南昌街,白田,石硖尾,22.333295,114.168747,3713,2970,1023729,kept
shek-kip-mei,石硖尾・深水埗,香港 九龙,40,20250516-072103.heic,IMG_2736.HEIC,2025-05-16 07:21:03,白田,石硖尾邨第1期 Shek Kip Mei Estate Phase 5,大坑西街,白田,石硖尾,22.333347,114.168678,3816,2858,1635456,kept
shek-kip-mei,石硖尾・深水埗,香港 九龙,41,20250722-210550.heic,IMG_5485.HEIC,2025-07-22 21:05:50,塘尾,,长沙湾道,塘尾,深水埗,22.328492,114.165267,4032,3024,1995305,kept
shek-kip-mei,石硖尾・深水埗,香港 九龙,42,20250730-204242.heic,IMG_5633.HEIC,2025-07-30 20:42:42,乐年花园 Cronin Garden,乐年花园 Cronin Garden,顺宁道,元洲,深水埗,22.33568,114.161911,4032,3024,1495490,kept
shek-kip-mei,石硖尾・深水埗,香港 九龙,43,20250809-155832.heic,IMG_5866.HEIC,2025-08-09 15:58:32,大坑东,,大坑西街,大坑东,石硖尾,22.333308,114.169113,4032,3024,1726830,kept
shek-kip-mei,石硖尾・深水埗,香港 九龙,44,20250824-220500.heic,IMG_6002.HEIC,2025-08-24 22:05:00,白田,石硖尾邨第1期 Shek Kip Mei Estate Phase 5,南昌街,白田,石硖尾,22.333405,114.168822,4032,3024,1754569,kept
shek-kip-mei,石硖尾・深水埗,香港 九龙,45,20251205-142654.jpg,IMG_7284.JPG,2025-12-05 14:26:54,大坑东,,大坑西街,大坑东,石硖尾,22.333422,114.168913,3623,2717,2399391,kept
shek-kip-mei,石硖尾・深水埗,香港 九龙,46,20260103-205043.jpg,IMG_7618.JPG,2026-01-03 20:50:43,元洲,第20座,窝仔街,元洲,石硖尾,22.33288,114.166633,4032,3024,2499891,kept
shek-kip-mei,石硖尾・深水埗,香港 九龙,47,20260216-120643.jpg,IMG_8335.JPG,2026-02-16 12:06:43,美如楼,美如楼,伟智街,大坑东,石硖尾,22.333538,114.168572,4028,3021,4094555,kept
shek-kip-mei,石硖尾・深水埗,香港 九龙,48,20260306-151320.jpg,IMG_8513.JPG,2026-03-06 15:13:20,美如楼,美如楼,伟智街,大坑东,石硖尾,22.33355,114.168587,4032,3024,3367951,kept
shek-kip-mei,石硖尾・深水埗,香港 九龙,49,20260313-155743.jpg,IMG_8581.JPG,2026-03-13 15:57:43,深水埗电子特卖城,深水埗电子特卖城,福华街,元洲,深水埗,22.331825,114.161819,4032,3024,5402316,kept
shek-kip-mei,石硖尾・深水埗,香港 九龙,50,20260507-110241.jpg,IMG_9268.JPG,2026-05-07 11:02:41,白田,基督教香港信义会深信学校第二校舍 The Elchk Faith Lutheran School (Second Campus),南昌街,白田,石硖尾,22.333278,114.166947,4032,3024,5981814,kept
shek-kip-mei,石硖尾・深水埗,香港 九龙,51,20260621-190053.jpg,IMG_9684.JPG,2026-06-21 19:00:53,嘉安大厦,嘉安大厦,白杨街,塘尾,石硖尾,22.32783,114.167638,4032,3024,4167432,kept
shek-kip-mei,石硖尾・深水埗,香港 九龙,52,20260625-131029.jpg,IMG_9718.JPG,2026-06-25 13:10:29,香港盲人辅导会总部大楼,香港盲人辅导会总部大楼,大坑西街,大坑东,石硖尾,22.33413,114.168578,4032,3024,3637665,kept
yaumatei-mongkok,油麻地・旺角,香港 九龙,1,20240130-174604.heic,IMG_4400.HEIC,2024-01-30 17:46:04,旺角,旺角,亚皆老街,,旺角,22.318287,114.1697,4032,3024,1515183,kept
yaumatei-mongkok,油麻地・旺角,香港 九龙,2,20240928-110048.heic,IMG_4473.HEIC,2024-09-28 11:00:48,渡船角,,窝打老道,渡船角,油麻地,22.312687,114.168512,4032,3024,1281327,kept
yaumatei-mongkok,油麻地・旺角,香港 九龙,3,20250327-183129.heic,IMG_2326.HEIC,2025-03-27 18:31:29,海泓道,海泓道,海泓道,渡船角,油麻地,22.312742,114.164605,3024,3024,1439813,kept
yaumatei-mongkok,油麻地・旺角,香港 九龙,4,20250425-192943.heic,IMG_2567.HEIC,2025-04-25 19:29:43,渡船角,,海庭道,渡船角,油麻地,22.3128,114.164786,4032,3024,1887864,kept
yaumatei-mongkok,油麻地・旺角,香港 九龙,5,20250707-082601.heic,IMG_5346.HEIC,2025-07-07 08:26:01,西区海底隧道,西区海底隧道,西区海底隧道,西九龙,油麻地,22.304942,114.159875,3970,2977,2418549,kept
yaumatei-mongkok,油麻地・旺角,香港 九龙,6,20250831-160421.heic,IMG_6209.heic,2025-08-31 16:04:21,高桥アウトレット Takahashi Outlet,高桥アウトレット Takahashi Outlet,弥敦道,,旺角,22.316295,114.170053,4032,3024,2851236,kept
yaumatei-mongkok,油麻地・旺角,香港 九龙,7,20250831-163027.heic,IMG_6216.HEIC,2025-08-31 16:30:27,中国银行（香港）,中国银行（香港）,弥敦道,,旺角,22.31628,114.170045,4032,3024,1543686,kept
yaumatei-mongkok,油麻地・旺角,香港 九龙,8,20250831-164059.heic,IMG_6222.HEIC,2025-08-31 16:40:59,中国银行（香港）,中国银行（香港）,弥敦道,,旺角,22.316308,114.170053,4032,3024,2917925,kept
yaumatei-mongkok,油麻地・旺角,香港 九龙,9,20250831-164955.heic,IMG_6232.HEIC,2025-08-31 16:49:55,高桥アウトレット Takahashi Outlet,高桥アウトレット Takahashi Outlet,弥敦道,,旺角,22.316297,114.170053,3883,2912,1604687,kept
yaumatei-mongkok,油麻地・旺角,香港 九龙,10,20250831-174135.heic,IMG_6250.HEIC,2025-08-31 17:41:35,中国银行（香港）,中国银行（香港）,弥敦道,,旺角,22.316338,114.170053,4032,3024,1826199,kept
yaumatei-mongkok,油麻地・旺角,香港 九龙,11,20250917-084920.jpg,IMG_6491.JPG,2025-09-17 08:49:20,7-11便利店,7-11便利店,上海街,,旺角,22.313858,114.169312,4032,3024,7360433,kept
yaumatei-mongkok,油麻地・旺角,香港 九龙,12,20251016-181934.jpg,IMG_6956.JPG,2025-10-16 18:19:34,海庭道,海庭道,海庭道,渡船角,油麻地,22.312813,114.164483,4032,3024,1916614,kept
yaumatei-mongkok,油麻地・旺角,香港 九龙,13,20251020-142111.jpg,IMG_6996.JPG,2025-10-20 14:21:11,海泓道,肯德基,海泓道,,大角咀,22.317562,114.163003,4032,3024,2580957,kept
yaumatei-mongkok,油麻地・旺角,香港 九龙,14,20260224-175810.jpg,IMG_8433.JPG,2026-02-24 17:58:10,渡船角,,丽翔道,渡船角,油麻地,22.312708,114.164436,4032,3024,2866483,kept
yaumatei-mongkok,油麻地・旺角,香港 九龙,15,20260703-134507.jpg,IMG_9780.JPG,2026-07-03 13:45:07,牛极,牛极,通菜街,,旺角,22.319095,114.170617,4032,3024,3425298,kept
tsim-sha-tsui,尖沙咀・星光大道,香港 九龙,1,20240116-175448.heic,IMG_4043.HEIC,2024-01-16 17:54:48,Tapas bar,Tapas bar,么地道,尖沙咀东,油尖旺区,22.297653,114.177125,4032,3024,3693527,kept
tsim-sha-tsui,尖沙咀・星光大道,香港 九龙,2,20240116-183423.heic,IMG_4071.HEIC,2024-01-16 18:34:23,李小龙铜像,李小龙铜像,星光大道,,尖沙咀,22.29562,114.176383,4032,3024,1843957,kept
tsim-sha-tsui,尖沙咀・星光大道,香港 九龙,3,20240214-161826.heic,IMG_4806.HEIC,2024-02-14 16:18:26,植丽素商业中心,植丽素商业中心,庙街,尖沙咀,油尖旺区,22.305645,114.169678,4032,3024,2255806,kept
tsim-sha-tsui,尖沙咀・星光大道,香港 九龙,4,20240214-170052.heic,IMG_4810.HEIC,2024-02-14 17:00:52,香港历史博物馆,香港历史博物馆,漆咸道南,枪会山,尖沙咀,22.301405,114.177413,1991,1991,486466,kept
tsim-sha-tsui,尖沙咀・星光大道,香港 九龙,5,20240223-214200.heic,IMG_5043.HEIC,2024-02-23 21:42:00,香港乐高探索中心,香港乐高探索中心,梳士巴利道,尖沙咀,油尖旺区,22.294263,114.172888,4032,3024,2232967,kept
tsim-sha-tsui,尖沙咀・星光大道,香港 九龙,6,20240223-215543.heic,IMG_5049.HEIC,2024-02-23 21:55:43,海港城,海港城,广东道,,尖沙咀,22.294225,114.16842,4032,3024,3408272,kept
tsim-sha-tsui,尖沙咀・星光大道,香港 九龙,7,20240223-215833.heic,IMG_5056.HEIC,2024-02-23 21:58:33,九龙公众码头,九龙公众码头,梳士巴利道,尖沙咀,油尖旺区,22.293522,114.169333,4032,3024,2150675,kept
tsim-sha-tsui,尖沙咀・星光大道,香港 九龙,8,20240720-192932.heic,IMG_2832.HEIC,2024-07-20 19:29:32,星光大道,,星光大道,,尖沙咀,22.293147,114.172975,3954,2965,1649917,kept
tsim-sha-tsui,尖沙咀・星光大道,香港 九龙,9,20240720-193347.heic,IMG_2853.HEIC,2024-07-20 19:33:47,星光大道,,星光大道,,尖沙咀,22.293178,114.172975,4032,3024,1764247,kept
tsim-sha-tsui,尖沙咀・星光大道,香港 九龙,10,20240720-193839.heic,IMG_2889.HEIC,2024-07-20 19:38:39,星光大道,星光大道,梳士巴利道,尖沙咀,油尖旺区,22.292913,114.173387,4032,3024,1456537,kept
tsim-sha-tsui,尖沙咀・星光大道,香港 九龙,11,20240720-194443.heic,IMG_2913.heic,2024-07-20 19:44:43,星光大道,星光大道,梳士巴利道,尖沙咀,油尖旺区,22.293078,114.174088,3331,2666,1317166,kept
tsim-sha-tsui,尖沙咀・星光大道,香港 九龙,12,20240720-195401.heic,IMG_2920.HEIC,2024-07-20 19:54:01,梳士巴利道,梳士巴利道,梳士巴利道,尖沙咀,油尖旺区,22.294592,114.171975,4032,3024,1466905,kept
tsim-sha-tsui,尖沙咀・星光大道,香港 九龙,13,20240720-201417.heic,IMG_2954.heic,2024-07-20 20:14:17,Green Common,Green Common,广东道,尖沙咀,油尖旺区,22.294963,114.168297,4032,3024,2273366,kept
tsim-sha-tsui,尖沙咀・星光大道,香港 九龙,14,20240720-202336.heic,IMG_2968.HEIC,2024-07-20 20:23:36,海洋中心,海洋中心,广东道,尖沙咀,油尖旺区,22.296063,114.168337,4032,3024,1071805,kept
tsim-sha-tsui,尖沙咀・星光大道,香港 九龙,15,20240720-204901.heic,IMG_2971.HEIC,2024-07-20 20:49:01,尖沙咀,,,尖沙咀,油尖旺区,22.293412,114.169525,4032,3024,3318931,kept
tsim-sha-tsui,尖沙咀・星光大道,香港 九龙,16,20240720-205322.heic,IMG_2984.HEIC,2024-07-20 20:53:22,尖沙咀,,梳士巴利道,尖沙咀,油尖旺区,22.292995,114.169633,3946,2959,1890551,kept
tsim-sha-tsui,尖沙咀・星光大道,香港 九龙,17,20241217-213917.heic,IMG_0149.heic,2024-12-17 21:39:17,尖沙咀,,,尖沙咀,油尖旺区,22.293683,114.173012,3631,2723,1457245,kept
tsim-sha-tsui,尖沙咀・星光大道,香港 九龙,18,20241217-213928.heic,IMG_0151.heic,2024-12-17 21:39:28,尖沙咀,,,尖沙咀,油尖旺区,22.29367,114.17308,4032,3024,1839475,kept
tsim-sha-tsui,尖沙咀・星光大道,香港 九龙,19,20250727-154730.heic,IMG_5535.HEIC,2025-07-27 15:47:30,海防道临时垃圾站,海防道临时垃圾站,海防道,尖沙咀,油尖旺区,22.298187,114.169913,4032,3024,2269388,kept
tsim-sha-tsui,尖沙咀・星光大道,香港 九龙,20,20250727-154734.heic,IMG_5537.HEIC,2025-07-27 15:47:34,海防道临时垃圾站,海防道临时垃圾站,海防道,尖沙咀,油尖旺区,22.298187,114.169913,4032,3024,1862396,kept
tsim-sha-tsui,尖沙咀・星光大道,香港 九龙,21,20251010-191058.jpg,IMG_6860.JPG,2025-10-10 19:10:58,G.Bar Gelato,G.Bar Gelato,梳士巴利道,尖沙咀,油尖旺区,22.29397,114.175287,4032,3024,5854004,kept
tsim-sha-tsui,尖沙咀・星光大道,香港 九龙,22,20251010-192033.jpg,IMG_6864.JPG,2025-10-10 19:20:33,洲立影艺,洲立影艺,梳士巴利道,尖沙咀,油尖旺区,22.294163,114.174662,4032,3024,2027857,kept
tsim-sha-tsui,尖沙咀・星光大道,香港 九龙,23,20251010-214146.jpg,IMG_6870.JPG,2025-10-10 21:41:46,星光大道,星光大道,梳士巴利道,尖沙咀,油尖旺区,22.293247,114.17472,4032,3024,3384863,kept
tsim-sha-tsui,尖沙咀・星光大道,香港 九龙,24,20251010-220317.jpg,IMG_6884.jpg,2025-10-10 22:03:17,尖沙咀东,,,尖沙咀东,油尖旺区,22.29607,114.17692,3586,2690,3066176,kept
tsim-sha-tsui,尖沙咀・星光大道,香港 九龙,25,20251223-155742.jpg,IMG_7471.JPG,2025-12-23 15:57:42,K11 ARTUS 寓馆,K11 ARTUS 寓馆,星光大道,,尖沙咀,22.294212,114.17427,4032,3024,4380005,kept
tsim-sha-tsui,尖沙咀・星光大道,香港 九龙,26,20251223-185041.jpg,IMG_7483.JPG,2025-12-23 18:50:41,尖沙咀,,梳士巴利道,尖沙咀,油尖旺区,22.294203,114.174505,3024,4032,2339967,kept
tsim-sha-tsui,尖沙咀・星光大道,香港 九龙,27,20251223-190234.jpg,IMG_7503.JPG,2025-12-23 19:02:34,星光大道,星光大道,梳士巴利道,,尖沙咀,22.293088,114.174492,3910,2932,4483702,kept
tsim-sha-tsui,尖沙咀・星光大道,香港 九龙,28,20260123-175623.jpg,IMG_7865.JPG,2026-01-23 17:56:23,星光大道,星光大道,梳士巴利道,尖沙咀,油尖旺区,22.293247,114.173058,4032,3024,3113061,kept
hung-hom,红磡・何文田,香港 九龙,1,20240214-133834.heic,IMG_4795.HEIC,2024-02-14 13:38:34,邓镜波学校,邓镜波学校,天光道,靠背垄,何文田,22.320075,114.184495,4032,3024,2834254,kept
hung-hom,红磡・何文田,香港 九龙,2,20240214-133856.heic,IMG_4796.HEIC,2024-02-14 13:38:56,进教之佑堂区-进教之佑堂,进教之佑堂区-进教之佑堂,天光道,靠背垄,何文田,22.320192,114.18477,3024,4032,3227299,kept
hung-hom,红磡・何文田,香港 九龙,3,20240214-134113.heic,IMG_4801.HEIC,2024-02-14 13:41:13,进教之佑堂区-进教之佑堂,进教之佑堂区-进教之佑堂,天光道,靠背垄,何文田,22.32048,114.185067,3963,2972,2866802,kept
hung-hom,红磡・何文田,香港 九龙,4,20240214-141139.heic,IMG_4803.HEIC,2024-02-14 14:11:39,何文田站,何文田站,忠孝街,老龙坑,红磡,22.308975,114.181503,4032,3024,1285755,kept
hung-hom,红磡・何文田,香港 九龙,5,20260404-173220.jpg,IMG_8899.JPG,2026-04-04 17:32:20,红磡湾,,,红磡湾,油尖旺区,22.299803,114.186753,4032,3024,4568138,kept
hung-hom,红磡・何文田,香港 九龙,6,20260404-174038.jpg,IMG_8913.JPG,2026-04-04 17:40:38,红磡货运码头,红磡货运码头,红磡绕道,尖沙咀东,油尖旺区,22.298713,114.182962,4032,3024,2870717,kept
hung-hom,红磡・何文田,香港 九龙,7,20260404-174540.jpg,IMG_8930.JPG,2026-04-04 17:45:40,红磡货运码头,红磡货运码头,红磡绕道,尖沙咀东,油尖旺区,22.298278,114.182738,4032,3024,5143117,kept
hung-hom,红磡・何文田,香港 九龙,8,20260404-175458.jpg,IMG_8939.JPG,2026-04-04 17:54:58,红磡货运码头,红磡货运码头,红磡绕道,尖沙咀东,油尖旺区,22.29958,114.1828,4032,3024,3004857,kept
hung-hom,红磡・何文田,香港 九龙,9,20260404-175652.jpg,IMG_8948.JPG,2026-04-04 17:56:52,红磡绕道,红磡绕道,红磡绕道,尖沙咀东,油尖旺区,22.299313,114.181695,4032,3024,2802264,kept
polyu,香港理工大学,香港 九龙,1,20240921-112615.heic,IMG_4375.HEIC,2024-09-21 11:26:15,香港理工大学西九龙校园,香港理工大学西九龙校园,海庭道,渡船角,油麻地,22.312703,114.164878,4032,3024,1689132,kept
polyu,香港理工大学,香港 九龙,2,20240928-193602.heic,IMG_4488.HEIC,2024-09-28 19:36:02,红磡湾,,育才道,红磡湾,油尖旺区,22.305212,114.179138,3024,3024,1202885,kept
polyu,香港理工大学,香港 九龙,3,20240928-194408.heic,IMG_4501.HEIC,2024-09-28 19:44:08,红磡湾,,育才道,红磡湾,油尖旺区,22.303528,114.180397,4032,3024,2135326,kept
polyu,香港理工大学,香港 九龙,4,20240930-192105.heic,IMG_4515.HEIC,2024-09-30 19:21:05,香港理工大学西九龙校园,香港理工大学西九龙校园,海庭道,渡船角,油麻地,22.312697,114.165031,4032,3024,1294053,kept
polyu,香港理工大学,香港 九龙,5,20241005-122048.heic,IMG_4563.HEIC,2024-10-05 12:20:48,渡船角,,海庭道,渡船角,油麻地,22.312737,114.165283,4032,3024,2139274,kept
polyu,香港理工大学,香港 九龙,6,20241120-083332.heic,IMG_5260.HEIC,2024-11-20 08:33:32,红磡湾,7-Eleven,育才道,红磡湾,油尖旺区,22.303788,114.185272,2715,2715,1211826,kept
polyu,香港理工大学,香港 九龙,7,20251016-181156.jpg,IMG_6948.JPG,2025-10-16 18:11:56,渡船角,,海庭道,渡船角,油麻地,22.312875,114.165192,4032,3024,4157948,kept
polyu,香港理工大学,香港 九龙,8,20260119-142833.jpg,IMG_7832.JPG,2026-01-19 14:28:33,红磡湾,,育才道,红磡湾,油尖旺区,22.305497,114.180145,4032,3024,4099606,kept
polyu,香港理工大学,香港 九龙,9,20260121-113432.jpg,IMG_7849.JPG,2026-01-21 11:34:32,尖沙咀东,,育才道,尖沙咀东,油尖旺区,22.303728,114.179497,4032,3024,3817818,kept
polyu,香港理工大学,香港 九龙,10,20260323-211735.jpg,IMG_8811.JPG,2026-03-23 21:17:35,香港理工大学红磡湾校园,香港理工大学红磡湾校园,红乐道,,红磡,22.303597,114.185058,4032,3024,4165739,kept
polyu,香港理工大学,香港 九龙,11,20260404-155409.jpg,IMG_8895.JPG,2026-04-04 15:54:09,红乐道,红乐道,红乐道,,红磡,22.303637,114.184962,3942,2956,2811020,kept
polyu,香港理工大学,香港 九龙,12,20260409-171815.jpg,IMG_8994.JPG,2026-04-09 17:18:15,渡船角,,海庭道,渡船角,油麻地,22.31262,114.165336,4032,3024,4962634,kept
polyu,香港理工大学,香港 九龙,13,20260919-131133.heic,IMG_2820.HEIC,2026-09-19 13:11:33,陈丽玲楼,陈丽玲楼,康庄道,红磡湾,油尖旺区,22.303383,114.180503,3444,2583,1742469,kept
polyu,香港理工大学,香港 九龙,14,20260919-135117.heic,IMG_2827.HEIC,2026-09-19 13:51:17,李兆基楼,李兆基楼,育才道,红磡湾,油尖旺区,22.305938,114.180772,3024,4032,1546080,kept
polyu,香港理工大学,香港 九龙,15,20260919-141845.heic,IMG_2831.HEIC,2026-09-19 14:18:45,学生膳堂,学生膳堂,育才道,红磡湾,油尖旺区,22.3048,114.179633,3735,2801,1119252,kept
polyu,香港理工大学,香港 九龙,16,20260919-142026.heic,IMG_2835.HEIC,2026-09-19 14:20:26,赛马会创新楼,赛马会创新楼,育才道,红磡湾,油尖旺区,22.305017,114.179222,3738,2803,945444,kept
polyu,香港理工大学,香港 九龙,17,20260919-143718.heic,IMG_2846.HEIC,2026-09-19 14:37:18,赛马会创新楼,赛马会创新楼,育才道,红磡湾,油尖旺区,22.304667,114.17965,4032,3024,1719403,kept
polyu,香港理工大学,香港 九龙,18,20260919-161522.heic,IMG_2855.HEIC,2026-09-19 16:15:22,李嘉诚楼,李嘉诚楼,育才道,红磡湾,油尖旺区,22.304058,114.179703,4032,3024,2058820,kept
polyu,香港理工大学,香港 九龙,19,20260919-161551.heic,IMG_2857.HEIC,2026-09-19 16:15:51,李嘉诚楼,李嘉诚楼,育才道,红磡湾,油尖旺区,22.303937,114.179733,3783,2837,2488391,kept
kai-tak,启德・九龙湾,香港 九龙,1,20240722-182457.heic,IMG_3023.HEIC,2024-07-22 18:24:57,启德共融通道,启德共融通道,启德共融通道,启德跑道区,九龙城区,22.313125,114.208,4032,3024,2031235,kept
kai-tak,启德・九龙湾,香港 九龙,2,20240722-183809.heic,IMG_3043.HEIC,2024-07-22 18:38:09,启德共融通道,启德共融通道,启德共融通道,启德跑道区,九龙城区,22.31193,114.205995,3991,2993,1612224,kept
kai-tak,启德・九龙湾,香港 九龙,3,20240722-190518.heic,IMG_3101.HEIC,2024-07-22 19:05:18,启德共融通道,启德共融通道,启德共融通道,启德跑道区,九龙城区,22.312033,114.205887,3596,2697,1053531,kept
kai-tak,启德・九龙湾,香港 九龙,4,20240722-191614.heic,IMG_3147.HEIC,2024-07-22 19:16:14,宏照道,宏照道,宏照道,九龙湾商贸区,观塘区,22.318603,114.209253,3876,2907,2014787,kept
kai-tak,启德・九龙湾,香港 九龙,5,20240722-191929.heic,IMG_3166.HEIC,2024-07-22 19:19:29,宏照道,宏照道,宏照道,九龙湾商贸区,观塘区,22.321422,114.208962,2974,3965,1500810,kept
kai-tak,启德・九龙湾,香港 九龙,6,20250219-202507.heic,IMG_1890.HEIC,2025-02-19 20:25:07,香港启德帝盛酒店,香港启德帝盛酒店,承启道,靠背石,马头角,22.322195,114.195838,4032,3024,1393553,kept
kai-tak,启德・九龙湾,香港 九龙,7,20250219-210049.heic,IMG_1902.HEIC,2025-02-19 21:00:49,启德坊,,远洋里北,启德坊,启德,22.327878,114.197328,3698,2774,1997470,kept
kai-tak,启德・九龙湾,香港 九龙,8,20250219-211252.heic,IMG_1920.HEIC,2025-02-19 21:12:52,Airside,Airside,协调道,启德城中心,九龙城区,22.330442,114.198312,4032,3024,2072947,kept
central-wanchai,中环・金钟・湾仔,香港 港岛,1,20240119-181132.heic,IMG_4152.HEIC,2024-01-19 18:11:32,Foster + Partners,Foster + Partners,金钟道,香港岛,金钟,22.279492,114.1633,4032,3024,3338300,kept
central-wanchai,中环・金钟・湾仔,香港 港岛,2,20240122-195442.heic,IMG_4219.HEIC,2024-01-22 19:54:42,香港岛,,骆克道,香港岛,铜锣湾,22.28047,114.182442,4032,3024,1296656,kept
central-wanchai,中环・金钟・湾仔,香港 港岛,3,20240220-194804.heic,IMG_4868.HEIC,2024-02-20 19:48:04,赛百味,赛百味,民光街,香港岛,中环,22.28638,114.161133,4032,3024,2375776,kept
central-wanchai,中环・金钟・湾仔,香港 港岛,4,20240220-195500.heic,IMG_4873.HEIC,2024-02-20 19:55:00,香港岛,,耀星街,香港岛,中环,22.283867,114.161208,4032,3024,2429469,kept
central-wanchai,中环・金钟・湾仔,香港 港岛,5,20240220-195740.heic,IMG_4879.HEIC,2024-02-20 19:57:40,香港岛,,耀星街,香港岛,中环,22.283463,114.160972,4032,3024,2555894,kept
central-wanchai,中环・金钟・湾仔,香港 港岛,6,20240720-151413.heic,IMG_2754.HEIC,2024-07-20 15:14:13,中庭,中庭,会议道,湾仔北,湾仔区,22.282292,114.172417,4032,3024,1130097,kept
central-wanchai,中环・金钟・湾仔,香港 港岛,7,20240725-144723.heic,IMG_3240.HEIC,2024-07-25 14:47:23,高升大厦,高升大厦,德辅道西,香港岛,西营盘,22.288092,114.142953,3855,2891,1712607,kept
central-wanchai,中环・金钟・湾仔,香港 港岛,8,20240725-151721.heic,IMG_3301.HEIC,2024-07-25 15:17:21,柯布连道,柯布连道,庄士敦道,湾仔南,湾仔区,22.276563,114.17312,4032,3024,3230256,kept
central-wanchai,中环・金钟・湾仔,香港 港岛,9,20240725-151857.heic,IMG_3305.HEIC,2024-07-25 15:18:57,中国建设银行（亚洲）,中国建设银行（亚洲）,谭臣道,香港岛,湾仔,22.277138,114.17502,2419,3024,1874059,kept
central-wanchai,中环・金钟・湾仔,香港 港岛,10,20240725-162511.heic,IMG_3316.HEIC,2024-07-25 16:25:11,摩理臣山道,摩理臣山道,摩理臣山道,摩利臣山,湾仔区,22.275495,114.180625,2907,1744,2045348,kept
central-wanchai,中环・金钟・湾仔,香港 港岛,11,20240725-203921.heic,IMG_3726.HEIC,2024-07-25 20:39:21,香港岛,,乐礼街,香港岛,金钟,22.278008,114.1659,2250,2813,904478,kept
central-wanchai,中环・金钟・湾仔,香港 港岛,12,20240725-205048.heic,IMG_3752.HEIC,2024-07-25 20:50:48,民光街,民光街,民光街,香港岛,中环,22.286753,114.159683,4032,3024,2846636,kept
central-wanchai,中环・金钟・湾仔,香港 港岛,13,20241017-124639.heic,IMG_4848.HEIC,2024-10-17 12:46:39,Dr Fern’s Gin Parlour,Dr Fern’s Gin Parlour,皇后大道中,香港岛,中环,22.281767,114.157661,3685,2764,1420459,kept
central-wanchai,中环・金钟・湾仔,香港 港岛,14,20241017-131458.heic,IMG_4851.heic,2024-10-17 13:14:58,毕打街,毕打街,毕打街,香港岛,中环,22.282138,114.157867,4032,3024,1477969,kept
central-wanchai,中环・金钟・湾仔,香港 港岛,15,20250727-152652.heic,IMG_5532.HEIC,2025-07-27 15:26:52,湾仔北,,中环湾仔绕道,湾仔北,湾仔区,22.282592,114.172913,3658,2744,1981450,kept
central-wanchai,中环・金钟・湾仔,香港 港岛,16,20260123-184035.jpg,IMG_7882.JPG,2026-01-23 18:40:35,香港岛,星巴克,民祥街,香港岛,中环,22.28475,114.159356,3886,2914,3220256,kept
central-wanchai,中环・金钟・湾仔,香港 港岛,17,20260123-203611.jpg,IMG_7930.jpg,2026-01-23 20:36:11,时光隧道,时光隧道,时光隧道,香港岛,半山,22.278072,114.155783,4032,3024,4191851,kept
central-wanchai,中环・金钟・湾仔,香港 港岛,18,20260123-204522.jpg,IMG_7939.JPG,2026-01-23 20:45:22,荣华大厦A座,荣华大厦A座,德己立街,香港岛,中环,22.281137,114.155145,4032,3024,3587528,kept
victoria-peak,太平山顶,香港 港岛,1,20240119-193031.jpg,IMG_4196.jpg,2024-01-19 19:30:31,乡港,乡港,山顶道,炉峰峡,中西区,22.271383,114.149681,8064,6048,16528229,kept
victoria-peak,太平山顶,香港 港岛,2,20260123-194943.jpg,IMG_7896.JPG,2026-01-23 19:49:43,炉峰峡,,芬梨道,炉峰峡,中西区,22.27092,114.149772,4032,3024,3129318,kept
victoria-peak,太平山顶,香港 港岛,3,20260123-195220.jpg,IMG_7910.jpg,2026-01-23 19:52:20,山顶广场,山顶广场,山顶道,炉峰峡,中西区,22.270995,114.150125,4032,3024,2636892,kept
braemar-hill,炮台山・金督驰马径,香港 港岛,1,20240725-185153.heic,IMG_3373.HEIC,2024-07-25 18:51:53,金督驰马径,金督驰马径,金督驰马径,炮台山,东区,22.279238,114.198142,4032,3024,2040964,kept
braemar-hill,炮台山・金督驰马径,香港 港岛,2,20240725-193412.heic,IMG_3661.HEIC,2024-07-25 19:34:12,炮台山,,金督驰马径,炮台山,东区,22.278445,114.198762,3862,2896,2477052,kept
braemar-hill,炮台山・金督驰马径,香港 港岛,3,20240725-193923.heic,IMG_3690.heic,2024-07-25 19:39:23,炮台山,,金督驰马径,炮台山,东区,22.278437,114.198762,4032,3024,1739477,kept
island-south,港岛南｜龙脊・数码港・赤柱,香港 港岛,1,20240127-152754.heic,IMG_4289.heic,2024-01-27 15:27:54,香港岛,,海洋路,香港岛,大树湾,22.232337,114.172578,4032,3024,1865498,kept
island-south,港岛南｜龙脊・数码港・赤柱,香港 港岛,2,20240201-184929.heic,IMG_4419.HEIC,2024-02-01 18:49:29,赤柱市政大厦,赤柱市政大厦,赤柱市场道,赤柱村,南区,22.218578,114.211587,4032,3024,2417187,kept
island-south,港岛南｜龙脊・数码港・赤柱,香港 港岛,3,20240201-191109.heic,IMG_4421.HEIC,2024-02-01 19:11:09,Gino's Gelato,Gino's Gelato,佳美道,赤柱村,南区,22.218483,114.210083,4032,3024,2195612,kept
island-south,港岛南｜龙脊・数码港・赤柱,香港 港岛,4,20250524-123954.heic,IMG_2928.heic,2025-05-24 12:39:54,香港岛,,歌连臣角道,香港岛,柴湾,22.258428,114.234108,3842,2882,1924932,kept
island-south,港岛南｜龙脊・数码港・赤柱,香港 港岛,5,20250524-124123.heic,IMG_2940.HEIC,2025-05-24 12:41:23,香港岛,,歌连臣角道,香港岛,柴湾,22.258658,114.234122,3064,2298,1251857,kept
island-south,港岛南｜龙脊・数码港・赤柱,香港 港岛,6,20250524-125044.heic,IMG_2952.HEIC,2025-05-24 12:50:44,香港岛,,歌连臣角道,香港岛,柴湾,22.258667,114.234087,2415,3220,3244393,kept
island-south,港岛南｜龙脊・数码港・赤柱,香港 港岛,7,20250524-133838.heic,IMG_2962.HEIC,2025-05-24 13:38:38,歌连臣角道,歌连臣角道,歌连臣角道,柴湾半山,东区,22.257175,114.232375,2947,2210,1409522,kept
island-south,港岛南｜龙脊・数码港・赤柱,香港 港岛,8,20250524-145309.heic,IMG_2975.HEIC,2025-05-24 14:53:09,龙脊越野单车径 (蓝色级),龙脊越野单车径 (蓝色级),龙脊越野单车径 (蓝色级),香港岛,南区,22.235487,114.240837,3233,2424,781011,kept
island-south,港岛南｜龙脊・数码港・赤柱,香港 港岛,9,20250524-152057.heic,IMG_2988.HEIC,2025-05-24 15:20:57,龙脊,龙脊,龙脊,香港岛,南区,22.229592,114.242188,4032,3024,2351426,kept
island-south,港岛南｜龙脊・数码港・赤柱,香港 港岛,10,20250524-152119.heic,IMG_2992.HEIC,2025-05-24 15:21:19,龙脊,龙脊,龙脊,香港岛,南区,22.22957,114.242142,3024,4032,5690966,kept
island-south,港岛南｜龙脊・数码港・赤柱,香港 港岛,11,20250524-162851.heic,IMG_2995.HEIC,2025-05-24 16:28:51,Tong Kee store,Tong Kee store,港岛径第8段,香港岛,大浪湾,22.246225,114.24562,3793,2845,1604732,kept
island-south,港岛南｜龙脊・数码港・赤柱,香港 港岛,12,20250707-085310.heic,IMG_5357.heic,2025-07-07 08:53:10,钢线湾,,,钢线湾,南区,22.260338,114.1306,3785,2839,2292434,kept
island-south,港岛南｜龙脊・数码港・赤柱,香港 港岛,13,20250708-181702.heic,IMG_5370.HEIC,2025-07-08 18:17:02,数码港道,数码港道,数码港道,香港岛,南区,22.25362,114.131875,2781,2086,1179797,kept
island-south,港岛南｜龙脊・数码港・赤柱,香港 港岛,14,20250711-180816.heic,IMG_5384.HEIC,2025-07-11 18:08:16,数码港三座,数码港三座,数码港道,钢线湾,南区,22.261795,114.130439,4032,3024,3195915,kept
hkust,香港科技大学,香港 新界,1,20260831-104945.heic,IMG_2260.heic,2026-08-31 10:49:45,火鸟,火鸟,大学道,,西贡区,22.337692,114.262947,4032,3024,2635569,kept
hkust,香港科技大学,香港 新界,2,20260831-182316.heic,IMG_2337.heic,2026-08-31 18:23:16,大学道,,大学道,,西贡区,22.33757,114.266297,3293,2470,1624686,kept
hkust,香港科技大学,香港 新界,3,20260831-202407.heic,IMG_2356.heic,2026-08-31 20:24:07,香港潮州商会荟萃廊,Subway,香港潮州商会荟萃廊,,亚公湾,22.334655,114.263855,3844,2883,523160,kept
hkust,香港科技大学,香港 新界,4,20260902-014007.heic,IMG_2426.HEIC,2026-09-02 01:40:07,大学道,7-Eleven,大学道,,西贡区,22.333295,114.266695,3024,4032,1660106,kept
hkust,香港科技大学,香港 新界,5,20260905-180750.heic,IMG_2490.HEIC,2026-09-05 18:07:50,小蜜蜂幼稚园,小蜜蜂幼稚园,大学道,,西贡区,22.333442,114.266937,4032,3024,1240787,kept
hkust,香港科技大学,香港 新界,6,20260905-180955.heic,IMG_2500.HEIC,2026-09-05 18:09:55,小蜜蜂幼稚园,小蜜蜂幼稚园,共振桥,,亚公湾,22.333528,114.267005,4032,3024,832339,kept
hkust,香港科技大学,香港 新界,7,20260906-172525.heic,IMG_2514.HEIC,2026-09-06 17:25:25,大学道,,大学道,,西贡区,22.337467,114.266455,3520,2640,776111,kept
hkust,香港科技大学,香港 新界,8,20260907-180953.heic,IMG_2527.HEIC,2026-09-07 18:09:53,恒生银行,恒生银行,大学道,,西贡区,22.336855,114.263817,4032,3024,1670425,kept
hkust,香港科技大学,香港 新界,9,20260910-140048.heic,IMG_2565.HEIC,2026-09-10 14:00:48,香港赛马会大堂,香港赛马会大堂,香港赛马会大堂,,西贡区,22.337367,114.263717,4000,3000,2519246,kept
hkust,香港科技大学,香港 新界,10,20260914-163134.heic,IMG_2614.HEIC,2026-09-14 16:31:34,共振桥,7-Eleven,共振桥,,亚公湾,22.333605,114.266572,2693,2020,752030,kept
hkust,香港科技大学,香港 新界,11,20260914-214832.heic,IMG_2616.heic,2026-09-14 21:48:32,大学道,7-Eleven,大学道,,西贡区,22.333595,114.266472,3556,2667,797259,kept
hkust,香港科技大学,香港 新界,12,20260914-215154.heic,IMG_2618.heic,2026-09-14 21:51:54,小蜜蜂幼稚园,小蜜蜂幼稚园,大学道,,西贡区,22.33352,114.267097,4032,3024,1605082,kept
hkust,香港科技大学,香港 新界,13,20260914-215201.heic,IMG_2619.heic,2026-09-14 21:52:01,小蜜蜂幼稚园,小蜜蜂幼稚园,大学道,,西贡区,22.333595,114.267158,4032,3024,1513317,kept
hkust,香港科技大学,香港 新界,14,20260914-215505.heic,IMG_2621.heic,2026-09-14 21:55:05,小蜜蜂幼稚园,小蜜蜂幼稚园,共振桥,,亚公湾,22.333558,114.266905,4032,3024,1655163,kept
hkust,香港科技大学,香港 新界,15,20260914-215628.heic,IMG_2626.HEIC,2026-09-14 21:56:28,小蜜蜂幼稚园,小蜜蜂幼稚园,大学道,,西贡区,22.333728,114.2669,4032,3024,924994,kept
hkust,香港科技大学,香港 新界,16,20260914-220104.heic,IMG_2630.heic,2026-09-14 22:01:04,小蜜蜂幼稚园,小蜜蜂幼稚园,大学道,,西贡区,22.333672,114.266892,4032,3024,1674462,kept
hkust,香港科技大学,香港 新界,17,20260915-163725.heic,IMG_2657.HEIC,2026-09-15 16:37:25,香港科技大学,香港科技大学,大学道,,西贡区,22.336412,114.268258,4032,3024,2391743,kept
hkust,香港科技大学,香港 新界,18,20260915-163913.heic,IMG_2661.HEIC,2026-09-15 16:39:13,香港科技大学,香港科技大学,大学道,,西贡区,22.336663,114.269188,4032,3024,1965921,kept
hkust,香港科技大学,香港 新界,19,20260916-120435.heic,IMG_2677.HEIC,2026-09-16 12:04:35,谭仔三哥,谭仔三哥,大学道,,西贡区,22.338433,114.264153,4032,3024,1579772,kept
tseung-kwan-o,将军澳・清水湾,香港 新界,1,20240714-202032.heic,IMG_2551.heic,2024-07-14 20:20:32,至善街,至善街,至善街,将军澳南,西贡区,22.307295,114.264542,4032,3024,1173637,kept
tseung-kwan-o,将军澳・清水湾,香港 新界,2,20240714-203115.heic,IMG_2555.heic,2024-07-14 20:31:15,北桥,北桥,北桥,将军澳南,西贡区,22.306178,114.265045,4032,3024,2176298,kept
tseung-kwan-o,将军澳・清水湾,香港 新界,3,20240714-204131.heic,IMG_2574.heic,2024-07-14 20:41:31,将军澳南,,,将军澳南,西贡区,22.301867,114.263503,4032,3024,1868867,kept
tseung-kwan-o,将军澳・清水湾,香港 新界,4,20240714-205507.heic,IMG_2608.HEIC,2024-07-14 20:55:07,Pastis Tapas,Pastis Tapas,唐俊街,将军澳南,西贡区,22.301905,114.261733,4030,2687,1326357,kept
tseung-kwan-o,将军澳・清水湾,香港 新界,5,20241012-174811.heic,IMG_4666.HEIC,2024-10-12 17:48:11,将军澳・清水湾,,,,小赤沙,22.294925,114.266838,4032,3024,2408239,kept
tseung-kwan-o,将军澳・清水湾,香港 新界,6,20241012-175757.heic,IMG_4680.HEIC,2024-10-12 17:57:57,康城路,,康城路,,小赤沙,22.292558,114.267197,3566,2674,1172669,kept
tseung-kwan-o,将军澳・清水湾,香港 新界,7,20241012-175945.heic,IMG_4693.HEIC,2024-10-12 17:59:45,康城路,,康城路,,小赤沙,22.2924,114.267242,4032,3024,1423830,kept
tseung-kwan-o,将军澳・清水湾,香港 新界,8,20241012-180336.heic,IMG_4704.HEIC,2024-10-12 18:03:36,康城路,,康城路,,小赤沙,22.292463,114.267167,4032,3024,1465279,kept
tseung-kwan-o,将军澳・清水湾,香港 新界,9,20241012-183137.heic,IMG_4781.HEIC,2024-10-12 18:31:37,翠善街,翠善街,翠善街,将军澳南,西贡区,22.304905,114.255592,4032,3024,1584162,kept
tseung-kwan-o,将军澳・清水湾,香港 新界,10,20241012-191838.heic,IMG_4784.HEIC,2024-10-12 19:18:38,Tesla Destination Charger,Tesla Destination Charger,唐德街,,将军澳市中心,22.307178,114.25805,3914,2936,1398404,kept
tseung-kwan-o,将军澳・清水湾,香港 新界,11,20241102-221027.heic,IMG_4975.heic,2024-11-02 22:10:27,龙虾湾郊游径,龙虾湾郊游径,龙虾湾郊游径,,西贡区,22.297778,114.303405,4032,3024,839769,kept
tseung-kwan-o,将军澳・清水湾,香港 新界,12,20241102-233903.heic,IMG_5064.heic,2024-11-02 23:39:03,清水湾骑术学校及教育中心,清水湾骑术学校及教育中心,龙虾湾路,,西贡区,22.309163,114.302422,4032,3024,978668,kept
tseung-kwan-o,将军澳・清水湾,香港 新界,13,20241102-235536.heic,IMG_5073.heic,2024-11-02 23:55:36,龙虾湾路,龙虾湾路,龙虾湾路,,西贡区,22.303805,114.297522,4032,3024,1513953,kept
tai-o,大澳,香港 离岛,1,20240202-170211.heic,IMG_4490.HEIC,2024-02-02 17:02:11,大澳市中心,,大澳永安街,大澳市中心,离岛区,22.253753,113.862175,4032,3024,2569401,kept
tai-o,大澳,香港 离岛,2,20240202-171728.heic,IMG_4493.HEIC,2024-02-02 17:17:28,大澳市中心,,,大澳市中心,离岛区,22.252875,113.861708,4032,3024,2670819,kept
tai-o,大澳,香港 离岛,3,20240202-171817.heic,IMG_4496.HEIC,2024-02-02 17:18:17,大澳市中心,,,大澳市中心,离岛区,22.2528,113.861647,4032,3024,1609630,kept
tai-o,大澳,香港 离岛,4,20240202-172053.heic,IMG_4498.HEIC,2024-02-02 17:20:53,大澳市中心,,,大澳市中心,离岛区,22.252392,113.862122,4032,3024,2499714,kept
tai-o,大澳,香港 离岛,5,20240202-172109.heic,IMG_4499.HEIC,2024-02-02 17:21:09,大澳市中心,,,大澳市中心,离岛区,22.252372,113.862137,4032,3024,1202222,kept
disneyland,香港迪士尼乐园,香港 离岛,1,20250827-143150.heic,IMG_6031.HEIC,2025-08-27 14:31:50,迪士尼,迪士尼,迎乐路,,荃湾区,22.315242,114.045006,4032,3024,1713638,kept
disneyland,香港迪士尼乐园,香港 离岛,2,20250827-143500.heic,IMG_6037.HEIC,2025-08-27 14:35:00,乐园大门道,,乐园大门道,,离岛区,22.313417,114.045311,4032,3024,2122536,kept
disneyland,香港迪士尼乐园,香港 离岛,3,20250827-144153.heic,IMG_6038.HEIC,2025-08-27 14:41:53,小镇广场,,小镇广场,,荃湾区,22.313222,114.044342,3829,2872,1591585,kept
disneyland,香港迪士尼乐园,香港 离岛,4,20250827-144427.heic,IMG_6043.HEIC,2025-08-27 14:44:27,大街饼店,大街饼店,美国小镇大街,,离岛区,22.312963,114.043136,4032,3024,2057741,kept
disneyland,香港迪士尼乐园,香港 离岛,5,20250827-164330.heic,IMG_6064.HEIC,2025-08-27 16:43:30,Parade Route,,Parade Route,,荃湾区,22.312642,114.040536,2938,2938,1222392,kept
disneyland,香港迪士尼乐园,香港 离岛,6,20250827-183915.heic,IMG_6079.HEIC,2025-08-27 18:39:15,Frozen Lollipops Cart,Frozen Lollipops Cart,神奇道,,离岛区,22.310172,114.041039,3993,2994,1686103,kept
disneyland,香港迪士尼乐园,香港 离岛,7,20250827-190835.heic,IMG_6084.HEIC,2025-08-27 19:08:35,急救站,急救站,神奇道,,离岛区,22.309925,114.04203,4032,3024,644402,kept
disneyland,香港迪士尼乐园,香港 离岛,8,20250827-205759.heic,IMG_6112.heic,2025-08-27 20:57:59,The Hub,"Popcorn, Cotton Candy, Frozen Lollipops Cart at Main Street, U.S.A.",The Hub,,离岛区,22.313222,114.041603,4032,3024,881148,kept
disneyland,香港迪士尼乐园,香港 离岛,9,20250827-210651.jpg,IMG_6131.jpg,2025-08-27 21:06:51,The Hub,"Popcorn, Cotton Candy, Frozen Lollipops Cart at Main Street, U.S.A.",The Hub,,离岛区,22.313245,114.04158,2076,2076,673720,kept
northwest-nt,元朗・天水围・上水,香港 新界,1,20240119-154536.heic,IMG_4148.HEIC,2024-01-19 15:45:36,宏达路,宏达路,宏达路,凤池村,元朗区,22.445342,114.017189,4032,3024,3624504,kept
northwest-nt,元朗・天水围・上水,香港 新界,2,20240128-155031.heic,IMG_4338.HEIC,2024-01-28 15:50:31,彩园路,,彩园路,,北区,22.505995,114.118828,4032,3024,3054851,kept
northwest-nt,元朗・天水围・上水,香港 新界,3,20240128-155353.jpg,IMG_4348.jpg,2024-01-28 15:53:53,彩园路,,彩园路,,北区,22.506122,114.118775,4032,3024,1912929,kept
northwest-nt,元朗・天水围・上水,香港 新界,4,20240128-155850.heic,IMG_4353.HEIC,2024-01-28 15:58:50,元朗・天水围・上水,,,,北区,22.507042,114.117942,4032,3024,5725709,kept
northwest-nt,元朗・天水围・上水,香港 新界,5,20240128-172005.heic,IMG_4371.HEIC,2024-01-28 17:20:05,青山公路－潭尾段,青山公路－潭尾段,青山公路－潭尾段,,元朗区,22.45388,114.049094,4032,3024,2468487,kept
northwest-nt,元朗・天水围・上水,香港 新界,6,20240202-114028.heic,IMG_4435.HEIC,2024-02-02 11:40:28,点心堂,点心堂,湿地公园路,天水围北,元朗区,22.468178,114.004325,4032,3024,3190493,kept
northwest-nt,元朗・天水围・上水,香港 新界,7,20240202-114522.heic,IMG_4441.HEIC,2024-02-02 11:45:22,天水围北,,溪畔漫游径,天水围北,元朗区,22.469387,114.005081,4032,3024,2715667,kept
northwest-nt,元朗・天水围・上水,香港 新界,8,20240202-121340.jpg,IMG_4457.jpg,2024-02-02 12:13:40,演替之路,演替之路,演替之路,,元朗区,22.472413,114.007058,4032,3024,2482837,kept
northwest-nt,元朗・天水围・上水,香港 新界,9,20240202-122049.jpg,IMG_4462.jpg,2024-02-02 12:20:49,原野漫游径,原野漫游径,原野漫游径,,元朗区,22.471525,114.007722,4032,3024,3775172,kept
northwest-nt,元朗・天水围・上水,香港 新界,10,20240202-130221.heic,IMG_4471.HEIC,2024-02-02 13:02:21,天水围北,,溪畔漫游径,天水围北,元朗区,22.470495,114.006303,4032,3024,2048788,kept
northwest-nt,元朗・天水围・上水,香港 新界,11,20240202-132611.heic,IMG_4476.HEIC,2024-02-02 13:26:11,天水围北,,溪畔漫游径,天水围北,元朗区,22.468605,114.005561,4032,3024,1415763,kept
northwest-nt,元朗・天水围・上水,香港 新界,12,20240202-133116.heic,IMG_4483.heic,2024-02-02 13:31:16,湿地公园路,湿地公园路,湿地公园路,天水围北,元朗区,22.46675,114.0038,4032,3024,2387470,kept
northwest-nt,元朗・天水围・上水,香港 新界,13,20240714-152501.heic,IMG_2468.HEIC,2024-07-14 15:25:01,青山公路－元朗段,青山公路－元朗段,青山公路－元朗段,,元朗区,22.444237,114.043555,3962,2971,2302520,kept
northwest-nt,元朗・天水围・上水,香港 新界,14,20240714-153849.heic,IMG_2492.HEIC,2024-07-14 15:38:49,青山公路－潭尾段,青山公路－潭尾段,青山公路－潭尾段,,元朗区,22.449013,114.049736,4032,3024,1649781,kept
northwest-nt,元朗・天水围・上水,香港 新界,15,20240714-154011.heic,IMG_2504.HEIC,2024-07-14 15:40:11,青山公路－潭尾段,青山公路－潭尾段,青山公路－潭尾段,,元朗区,22.449133,114.049714,4032,3024,2525918,kept
northwest-nt,元朗・天水围・上水,香港 新界,16,20240714-154546.heic,IMG_2524.HEIC,2024-07-14 15:45:46,青山公路－潭尾段,青山公路－潭尾段,青山公路－潭尾段,,元朗区,22.453803,114.049117,4032,3024,1975890,kept
northwest-nt,元朗・天水围・上水,香港 新界,17,20240714-162053.heic,IMG_2538.HEIC,2024-07-14 16:20:53,攸壆路,,攸壆路,,元朗区,22.478078,114.051628,4032,3024,1084425,kept
tai-po-shatin,大埔・沙田・荃湾,香港 新界,1,20240223-161041.heic,IMG_4987.HEIC,2024-02-23 16:10:41,粉岭公路,,粉岭公路,,大埔区,22.468703,114.153014,4032,3024,2792386,kept
tai-po-shatin,大埔・沙田・荃湾,香港 新界,2,20240223-170442.heic,IMG_4993.HEIC,2024-02-23 17:04:42,海滨大楼二座,海滨大楼二座,科技大道东,,大埔区,22.42767,114.21177,4032,3024,2964325,kept
tai-po-shatin,大埔・沙田・荃湾,香港 新界,3,20240223-170925.heic,IMG_5003.HEIC,2024-02-23 17:09:25,科技大道东,,科技大道东,,大埔区,22.426963,114.211442,4032,3024,2072463,kept
tai-po-shatin,大埔・沙田・荃湾,香港 新界,4,20240223-171455.heic,IMG_5012.HEIC,2024-02-23 17:14:55,大埔・沙田・荃湾,,,,大埔区,22.427753,114.212172,4032,3024,1169330,kept
tai-po-shatin,大埔・沙田・荃湾,香港 新界,5,20240223-173112.heic,IMG_5015.HEIC,2024-02-23 17:31:12,孖桥,,孖桥,,沙田区,22.403042,114.213167,3961,2970,1478834,kept
tai-po-shatin,大埔・沙田・荃湾,香港 新界,6,20240223-173139.heic,IMG_5017.HEIC,2024-02-23 17:31:39,孖桥,,孖桥,,沙田区,22.40305,114.21315,4032,3024,1484713,kept
tai-po-shatin,大埔・沙田・荃湾,香港 新界,7,20240223-203416.heic,IMG_5036.HEIC,2024-02-23 20:34:16,Apple Store,Apple Store,沙田正街,沙田市中心,沙田区,22.381645,114.188797,4032,3024,1971303,kept
tai-po-shatin,大埔・沙田・荃湾,香港 新界,8,20240714-135430.heic,IMG_2463.HEIC,2024-07-14 13:54:30,汀九高架桥,汀九高架桥,青山公路－新汀九段,,荃湾区,22.369622,114.08432,3792,2843,1330852,kept
tai-po-shatin,大埔・沙田・荃湾,香港 新界,9,20260114-142447.jpg,IMG_7738.JPG,2026-01-14 14:24:47,大涌桥路,大涌桥路,大涌桥路,,沙田区,22.378103,114.19113,4032,3024,3416043,kept
tai-po-shatin,大埔・沙田・荃湾,香港 新界,10,20260114-162701.jpg,IMG_7758.JPG,2026-01-14 16:27:01,粉岭公路,粉岭公路,粉岭公路,,大埔区,22.468703,114.152825,4032,3024,7612759,kept
tai-po-shatin,大埔・沙田・荃湾,香港 新界,11,20260114-162754.jpg,IMG_7762.JPG,2026-01-14 16:27:54,粉岭公路,,粉岭公路,,大埔区,22.468567,114.152817,4032,3024,5473267,kept
tai-po-shatin,大埔・沙田・荃湾,香港 新界,12,20260114-163909.jpg,IMG_7782.JPG,2026-01-14 16:39:09,九龙坑新围,,,九龙坑新围,大埔区,22.480228,114.155297,4032,3024,3970992,kept
shenzhen-baoan,深圳｜宝安,中国内地,1,20240224-160304.heic,IMG_5076.HEIC,2024-02-24 16:03:04,凤塘大道,,凤塘大道,,福海街道,22.704767,113.775445,4032,3024,2354804,kept
shenzhen-baoan,深圳｜宝安,中国内地,2,20240224-200606.heic,IMG_5100.HEIC,2024-02-24 20:06:06,凤塘大道,,凤塘大道,,福海街道,22.705312,113.774995,4032,3024,2590051,kept
shenzhen-baoan,深圳｜宝安,中国内地,3,20240224-201039.heic,IMG_5103.HEIC,2024-02-24 20:10:39,展丰路,展丰路,展丰路,,福海街道,22.707772,113.772362,4032,3024,1712741,kept
shenzhen-baoan,深圳｜宝安,中国内地,4,20250115-133906.heic,IMG_1502.HEIC,2025-01-15 13:39:06,凤塘大道,凤塘大道,凤塘大道,,福海街道,22.705625,113.773308,4032,3024,2078136,kept
shenzhen-baoan,深圳｜宝安,中国内地,5,20250115-182110.heic,IMG_1513.HEIC,2025-01-15 18:21:10,建欣路,建欣路,建欣路,和平社区,福海街道,22.693,113.785767,4032,3024,1139967,kept
shenzhen-baoan,深圳｜宝安,中国内地,6,20250115-184108.heic,IMG_1530.HEIC,2025-01-15 18:41:08,展丰路,展丰路,展丰路,,福海街道,22.709228,113.771728,3898,2922,1455842,kept
shenzhen-baoan,深圳｜宝安,中国内地,7,20250116-111723.heic,IMG_1545.HEIC,2025-01-16 11:17:23,百川路,百川路,百川路,,福海街道,22.710313,113.772637,1852,1852,432783,kept
shenzhen-baoan,深圳｜宝安,中国内地,8,20250607-164612.heic,IMG_3115.HEIC,2025-06-07 16:46:12,领航高架桥,肯德基,领航高架桥,,航城街道,22.627838,113.8089,3626,2720,1752756,kept
shenzhen-baoan,深圳｜宝安,中国内地,9,20250607-174606.heic,IMG_3120.HEIC,2025-06-07 17:46:06,344,344,领航高架桥,,航城街道,22.635145,113.804175,3918,2938,1401209,kept
shenzhen-baoan,深圳｜宝安,中国内地,10,20250607-195819.heic,IMG_3128.HEIC,2025-06-07 19:58:19,339,339,领航高架桥,,航城街道,22.634183,113.80487,4032,3024,1582699,kept
shenzhen-baoan,深圳｜宝安,中国内地,11,20250607-222756.heic,IMG_3144.HEIC,2025-06-07 22:27:56,345,345,领航高架桥,,航城街道,22.635242,113.804275,4032,3024,1057353,kept
shenzhen-urban,深圳｜南山・罗湖・龙华・龙岗,中国内地,1,20250607-154925.heic,IMG_3109.HEIC,2025-06-07 15:49:25,A栋,A栋,南海大道,南光社区,南山街道,22.518538,113.92192,3271,2453,940273,kept
shenzhen-urban,深圳｜南山・罗湖・龙华・龙岗,中国内地,2,20250607-231826.heic,IMG_3161.heic,2025-06-07 23:18:26,深圳市民顺小学,深圳市民顺小学,民顺路,大岭社区,民治街道,22.635497,114.023269,4032,3024,1512593,kept
shenzhen-urban,深圳｜南山・罗湖・龙华・龙岗,中国内地,3,20260114-184333.jpg,IMG_7793.JPG,2026-01-14 18:43:33,罗沙公路,罗沙公路,罗沙公路,西岭社区,莲塘街道,22.560413,114.156486,4032,3024,4049960,kept
shenzhen-urban,深圳｜南山・罗湖・龙华・龙岗,中国内地,4,20260114-194253.jpg,IMG_7803.JPG,2026-01-14 19:42:53,西岭社区,瑞幸咖啡,罗沙公路,西岭社区,莲塘街道,22.5564,114.152442,4032,3024,2868804,kept
shenzhen-urban,深圳｜南山・罗湖・龙华・龙岗,中国内地,5,20260516-150716.jpg,IMG_9337.JPG,2026-05-16 15:07:16,1B栋,1B栋,万科天桥,紫薇社区,龙城街道,22.718503,114.242163,4032,3024,3182647,kept
shenzhen-urban,深圳｜南山・罗湖・龙华・龙岗,中国内地,6,20260518-192907.jpg,IMG_9381.JPG,2026-05-18 19:29:07,1B栋,1B栋,万科天桥,紫薇社区,龙城街道,22.718537,114.24212,4032,3024,3561639,kept
shenzhen-urban,深圳｜南山・罗湖・龙华・龙岗,中国内地,7,20260522-151906.jpg,IMG_9463.JPG,2026-05-22 15:19:06,南海大道,南海大道,南海大道,南光社区,南山街道,22.521592,113.923355,4032,3024,4395027,kept
hengqin,珠海横琴｜长隆海洋王国,中国内地,1,20250807-160754.heic,IMG_5690.HEIC,2025-08-07 16:07:54,烟花幻彩横琴海,烟花幻彩横琴海,海洋大街,,横琴粤澳深度合作区,22.100628,113.52942,2968,2226,639301,kept
hengqin,珠海横琴｜长隆海洋王国,中国内地,2,20250807-162649.heic,IMG_5705.HEIC,2025-08-07 16:26:49,长隆海洋王国,长隆海洋王国,长隆大道,,横琴粤澳深度合作区,22.100039,113.528122,4032,3024,1797485,kept
hengqin,珠海横琴｜长隆海洋王国,中国内地,3,20250807-164025.heic,IMG_5728.HEIC,2025-08-07 16:40:25,长隆海洋王国,长隆海洋王国,长隆大道,,横琴粤澳深度合作区,22.100175,113.527825,3749,2812,1107158,kept
hengqin,珠海横琴｜长隆海洋王国,中国内地,4,20250807-165217.heic,IMG_5735.HEIC,2025-08-07 16:52:17,鲸鲨馆,鲸鲨馆,富祥湾路,,横琴粤澳深度合作区,22.099936,113.527755,3024,4032,3407495,kept
hengqin,珠海横琴｜长隆海洋王国,中国内地,5,20250807-181658.heic,IMG_5797.HEIC,2025-08-07 18:16:58,长隆海洋王国,长隆海洋王国,长隆大道,,横琴粤澳深度合作区,22.097956,113.530525,3880,2910,1323256,kept
hengqin,珠海横琴｜长隆海洋王国,中国内地,6,20250807-192458.heic,IMG_5818.HEIC,2025-08-07 19:24:58,长隆海洋王国,长隆海洋王国,富祥湾路,,横琴粤澳深度合作区,22.101131,113.53073,3660,2745,1487939,kept
